<?xml version="1.0" encoding="UTF-8"?>
<beans:beans xmlns="http://www.springframework.org/schema/mvc"
	xmlns:xsi="http://www.w3.org/2001/XMLSchema-instance"
	xmlns:beans="http://www.springframework.org/schema/beans"
	xmlns:context="http://www.springframework.org/schema/context"
	xsi:schemaLocation="http://www.springframework.org/schema/mvc https://www.springframework.org/schema/mvc/spring-mvc.xsd
		http://www.springframework.org/schema/beans https://www.springframework.org/schema/beans/spring-beans.xsd
		http://www.springframework.org/schema/context https://www.springframework.org/schema/context/spring-context.xsd">

	<!-- DispatcherServlet Context: defines this servlet's request-processing infrastructure -->
	
	<!-- Enables the Spring MVC @Controller programming model -->
	<annotation-driven />

	<!-- Handles HTTP GET requests for /resources/** by efficiently serving up static resources in the ${webappRoot}/resources directory -->
	<resources mapping="/resources/**" location="/resources/" />

	<!-- Resolves views selected for rendering by @Controllers to .jsp resources in the /WEB-INF/views directory -->
<!-- // 이건 안쓸거니까 주석처리하자
	<beans:bean class="org.springframework.web.servlet.view.InternalResourceViewResolver">
		<beans:property name="prefix" value="/WEB-INF/views/" />
		<beans:property name="suffix" value=".jsp" />
	</beans:bean>
 -->	
 	<!-- MultipartResolver bean 객체 설정
		 반드시 id="multipartResolver"를 사용해야 한다.
	 -->
	 <beans:bean id="multipartResolver" class="org.springframework.web.multipart.commons.CommonsMultipartResolver">
	 	<beans:property name="maxUploadSize" value="5000000" />
	 	<beans:property name="defaultEncoding" value="UTF-8" />
	 </beans:bean>
	
	<!-- storage 폴더 등록 -->
	<resources location="/storage/" mapping="/storage/**" />
	
	<context:component-scan base-package="src.main.java" />
	
	<context:component-scan base-package="memory" />
	<context:component-scan base-package="member" />
	<context:component-scan base-package="showoff" />
	<context:component-scan base-package="main" />
	<context:component-scan base-package="OurMemory" />
	<context:component-scan base-package="contact" />
	
	<!-- 우리가 사용할 리소스중 css 파일을 등록해준다. -->
	<resources location="/css/" mapping="/css/**" />
	
	<!-- 우리가 사용할 리소스중 이미지 파일을 등록해준다. -->
	<resources location="/img/" mapping="/img/**" />
	
	
	
</beans:beans>
