<?xml version="1.0" encoding="UTF-8" ?>
<!DOCTYPE mapper
 PUBLIC "-//mybatis.org//DTD Mapper 3.0//EN"
 "http://mybatis.org/dtd/mybatis-3-mapper.dtd">
<mapper namespace="mybatis.memoryMapper">
	<!--  //insert : 글저장
	public int writeContent(BoardDTO boardDTO);  -->
	<insert id="memoryBoardWrite" parameterType="memoryDTO">
		insert into mymemoryalbum values
		(seq_memory_num.nextval, #{memory_name},#{memory_id}, #{memory_pass}, #{memory_subject}, #{memory_content}, 0, 0, 0, #{memory_file}, sysdate)
	</insert>
	
	<!-- // select : List 불러오기 -->
	<select id="memoryBoardList" parameterType="java.util.Map" resultType="memoryDTO">
		<![CDATA[
		select * from
		(select rownum rn, tt.* from 
		(select * from mymemoryalbum order by memory_num desc) tt)
		where rn>=#{startNum} and rn<=#{endNum}
		]]>
	</select>
	
	<!-- 추천수에 따라 TOP3 랭킹 내용 가져오기 -->
	<select id="memoryRankingTopThree" resultType="memoryDTO">
		<![CDATA[
			select * from
			(select rownum rn, tt.* from 
			(select * from mymemoryalbum order by memory_rec desc) tt)
			where rn>=1 and rn<=3
		]]>
	</select>
	
	<!-- 전체 글 수 가져오기 -->
	<select id="getTotalMemory" resultType="int">
			select count(*) as cnt from mymemoryalbum
	</select>
	
	<!-- 글 하나 불러오기 -->
	<select id="memoryBoardView" parameterType="int" resultType="memoryDTO">
		select * from mymemoryalbum where memory_num = #{memory_num}
	</select>
	
	<!-- 조회수 증가 -->
	<update id="memoryBoardHit" parameterType="int">
		update mymemoryalbum set memory_hit = memory_hit + 1 where memory_num = #{memory_num}
	</update>
	
	<!-- 추천수 증가 -->
	<update id="memoryBoardRec" parameterType="int">
		update mymemoryalbum set memory_rec = memory_rec + 1 where memory_num = #{memory_num}
	</update>
	
	<!-- 비추천수 증가 -->
	<update id="memoryBoardNrec" parameterType="int">
		update mymemoryalbum set memory_nrec = memory_nrec + 1 where memory_num = #{memory_num}
	</update>
	
</mapper>
