<?xml version="1.0" encoding="UTF-8" ?>
<!DOCTYPE mapper
 PUBLIC "-//mybatis.org//DTD Mapper 3.0//EN"
 "http://mybatis.org/dtd/mybatis-3-mapper.dtd">
<mapper namespace="mybatis.showoffMapper">
	<!--  //insert : 글저장
	public int writeContent(BoardDTO boardDTO);  -->
	<insert id="showoffBoardWrite" parameterType="showoffDTO">
		insert into showoffboard values
		(sequence_num.nextval, #{board_name},#{board_id}, #{board_pass}, #{board_subject}, #{board_content}, 0, 0, 0, #{board_file}, sysdate)
	</insert>
	
	<!-- // select : List 불러오기 -->
	<select id="showoffBoardList" parameterType="java.util.Map" resultType="showoffDTO">
		<![CDATA[
		select * from
		(select rownum rn, tt.* from 
		(select * from showoffboard order by board_num desc) tt)
		where rn>=#{startNum} and rn<=#{endNum}
		]]>
	</select>
	
	<!-- 추천수에 따라 TOP3 랭킹 내용 가져오기 -->
	<select id="showoffRankingTopThree" resultType="showoffDTO">
		<![CDATA[
			select * from
			(select rownum rn, tt.* from 
			(select * from showoffboard order by board_rec desc) tt)
			where rn>=1 and rn<=3
		]]>
	</select>
	
	<!-- 전체 글 수 가져오기 -->
	<select id="getTotalShowoff" resultType="int">
			select count(*) as cnt from showoffboard
	</select>
	
	<!-- 글 하나 불러오기 -->
	<select id="showoffBoardView" parameterType="int" resultType="showoffDTO">
		select * from showoffboard where board_num = #{board_num}
	</select>
	
	<!-- 조회수 증가 -->
	<update id="showoffBoardHit" parameterType="int">
		update showoffboard set board_hit = board_hit + 1 where board_num = #{board_num}
	</update>
	
	<!-- 추천수 증가 -->
	<update id="showoffBoardRec" parameterType="int">
		update showoffboard set board_rec = board_rec + 1 where board_num = #{board_num}
	</update>
	
	<!-- 비추천수 증가 -->
	<update id="showoffBoardNrec" parameterType="int">
		update showoffboard set board_nrec = board_nrec + 1 where board_num = #{board_num}
	</update>
		
</mapper>
